date,total,age_0_17,age_18_29,age_30_39,age_40_49,age_50_59,age_60_69,age_70_79,age_80,female,male
11/27/2023,198,31,22,30,24,30,25,24,12,119,79
6/17/2023,25,2,2,3,3,6,3,6,0,15,10
2/26/2023,176,26,33,31,25,17,16,16,12,105,71
12/23/2021,7146,984,1990,1696,1064,728,430,161,91,3929,3183
3/23/2023,264,69,37,36,28,30,40,15,9,150,114
5/29/2022,536,101,118,97,74,59,44,22,21,299,237
8/4/2020,369,50,105,69,53,39,33,16,4,201,164
10/24/2023,156,23,22,17,20,17,18,18,21,92,64
5/25/2023,82,16,16,14,8,9,8,10,1,37,45
9/26/2022,406,78,59,68,54,52,38,40,17,228,178
3/14/2023,335,85,44,50,39,55,36,16,10,183,152
8/29/2023,191,34,31,18,26,27,21,11,23,120,71
4/12/2023,209,46,30,27,32,28,26,7,13,110,98
6/5/2023,52,12,1,11,5,6,7,6,4,28,24
7/13/2023,45,6,8,13,8,3,3,3,1,25,19
6/11/2022,530,72,102,113,86,68,44,32,13,318,212
12/8/2020,2053,272,456,394,319,301,165,96,50,1056,989
2/19/2023,161,21,25,23,27,28,17,14,6,92,69
9/23/2023,99,11,13,21,11,12,16,10,5,58,41
11/23/2023,96,15,8,17,7,13,10,16,10,64,32
2/23/2023,423,107,66,64,46,41,50,25,24,248,174
2/21/2022,240,40,55,47,32,20,31,9,6,147,93
11/25/2022,437,52,68,77,44,52,71,44,29,244,193
4/20/2020,990,24,158,181,213,193,122,58,41,486,504
12/21/2021,6919,899,2091,1771,972,632,364,118,71,3786,3110
10/19/2023,142,22,18,16,9,19,21,22,15,77,64
8/18/2023,132,15,21,18,18,20,17,13,10,86,46
5/19/2023,91,15,11,12,13,12,13,13,2,62,28
8/28/2023,210,47,30,32,25,33,19,14,10,122,85
11/6/2022,241,32,55,35,29,36,26,20,8,138,103
3/22/2023,236,66,33,34,26,29,23,13,12,134,102
6/27/2022,922,105,198,185,143,121,100,48,22,533,387
10/13/2022,365,72,41,53,50,46,44,34,25,207,158
1/21/2023,203,28,26,38,26,24,30,22,9,110,92
4/21/2023,120,30,10,22,16,12,12,12,6,64,56
7/21/2020,289,24,82,57,55,31,23,8,9,143,145
12/7/2022,745,160,117,137,76,95,74,46,40,422,322
12/8/2022,753,135,100,125,104,93,90,60,46,429,323
9/15/2023,157,20,15,21,12,21,24,26,18,88,68
9/25/2023,136,20,16,16,24,14,14,24,8,85,50
10/31/2023,118,24,30,9,13,15,14,6,7,60,58
11/8/2023,191,30,17,30,33,18,21,21,21,113,78
11/30/2022,685,111,117,122,80,91,78,61,25,402,281
5/14/2022,732,122,132,152,104,99,59,36,27,402,328
2/24/2021,337,38,79,65,53,48,29,12,13,160,177
6/26/2023,31,5,4,5,3,6,2,3,3,21,10
8/19/2021,546,83,134,157,84,39,25,17,7,289,256
10/13/2023,105,14,17,15,12,14,14,9,10,61,44
3/24/2023,259,52,29,45,38,27,27,24,17,146,112
7/16/2023,34,4,9,6,3,1,5,5,1,19,14
11/2/2023,140,28,21,13,15,12,20,14,17,87,53
11/29/2023,3,0,2,0,0,0,0,0,1,1,2
9/26/2023,145,19,19,24,14,22,17,16,14,71,74
5/14/2023,49,5,9,3,6,5,9,5,7,22,27
11/22/2023,167,30,16,25,25,21,26,8,16,92,75
5/10/2022,1711,512,280,342,222,159,105,59,32,978,729
1/19/2023,421,115,55,58,39,45,53,36,20,231,189
10/4/2023,113,19,22,15,15,11,11,9,11,70,43
11/21/2023,171,23,26,27,18,24,21,20,12,111,60
10/30/2023,113,24,13,11,11,18,15,11,10,73,39
12/30/2020,1444,191,369,274,198,200,138,52,22,760,672
5/6/2023,57,6,6,10,9,10,8,4,4,33,24
3/2/2023,438,76,67,57,64,52,53,47,22,243,195
8/13/2021,626,97,173,154,80,58,39,15,10,273,353
2/21/2023,444,111,57,52,50,59,43,32,40,248,195
4/28/2023,146,19,21,21,15,22,25,15,8,70,76
4/4/2022,518,135,116,95,81,33,36,17,5,256,261
4/7/2021,839,136,248,187,112,80,45,15,16,441,398
11/14/2023,186,30,23,31,24,27,22,19,10,110,75
1/1/2022,1872,347,366,357,277,231,149,84,59,1000,869
5/27/2023,37,4,6,3,5,7,4,6,2,20,17
4/29/2023,74,9,16,16,6,10,7,5,5,50,24
11/18/2022,437,90,47,81,58,47,46,33,35,239,193
8/16/2022,743,93,120,138,106,104,86,54,41,406,336
5/9/2022,1611,427,285,294,247,180,109,45,24,909,700
10/22/2023,91,15,13,12,10,14,9,9,9,59,32
10/21/2023,96,8,8,18,11,13,14,12,12,51,45
10/12/2023,134,17,18,20,13,17,25,13,11,81,53
8/28/2022,346,68,60,72,43,38,28,19,18,211,134
2/18/2022,281,44,85,64,34,22,20,9,3,143,138
4/12/2021,864,138,204,186,144,94,60,29,9,425,439
3/6/2020,3,0,0,0,2,0,1,0,0,0,3
6/21/2022,939,90,204,211,135,122,78,62,37,548,388
8/8/2023,125,12,17,18,15,22,20,15,6,73,52
4/24/2023,167,44,16,21,22,20,20,14,10,96,71
2/12/2022,227,41,39,38,26,28,25,20,10,113,112
2/1/2022,785,212,121,156,102,75,59,43,17,433,351
7/31/2023,78,15,14,9,12,7,8,8,5,47,31
8/9/2023,129,22,27,20,15,19,12,10,4,78,50
12/30/2021,8183,1726,1751,1478,1118,962,635,313,196,4551,3605
3/6/2023,420,105,54,61,40,52,56,30,22,236,183
9/13/2022,494,116,79,85,44,62,50,38,20,300,194
3/27/2022,173,26,43,51,23,11,9,6,4,96,76
2/14/2023,393,90,53,59,43,38,42,43,25,223,170
4/11/2023,252,39,37,34,28,34,38,17,25,145,107
9/3/2023,109,16,17,16,16,12,10,13,9,65,44
4/25/2022,937,212,194,203,111,99,64,31,23,519,414
4/8/2023,113,16,13,24,16,9,13,16,6,63,50
3/7/2020,3,0,0,0,0,1,0,2,0,3,0
5/15/2020,968,80,186,200,165,136,101,64,36,535,427
11/13/2023,180,27,16,32,19,30,31,13,12,108,71
6/27/2023,38,4,10,4,4,4,2,7,3,24,14
11/16/2023,229,21,38,26,22,27,43,33,19,145,83
6/20/2023,52,8,7,10,4,3,10,7,3,34,18
6/26/2022,450,71,71,99,76,66,33,20,14,259,191
3/18/2023,109,18,21,20,18,12,9,9,2,53,55
4/28/2022,813,156,180,164,126,69,66,39,13,468,345
10/24/2020,883,109,224,196,140,105,59,37,13,469,414
3/14/2020,31,0,9,2,7,6,3,3,1,18,13
1/21/2021,818,97,192,160,121,118,76,36,18,417,400
8/3/2022,928,124,230,167,111,128,90,52,26,558,369
5/29/2020,458,33,113,70,85,75,42,18,22,247,207
5/15/2022,727,133,133,157,104,84,59,33,24,418,308
9/30/2023,73,9,8,11,9,11,9,5,11,41,32
9/22/2023,129,18,21,11,8,19,29,12,11,76,53
3/9/2023,311,66,36,37,41,45,39,27,20,174,137
10/13/2021,361,83,87,65,47,34,30,9,6,184,177
8/17/2022,691,86,135,116,106,104,75,42,27,404,285
7/24/2022,518,81,111,82,69,70,56,32,17,304,212
3/8/2023,352,84,60,44,46,53,37,15,13,195,156
8/22/2021,284,45,65,61,52,33,16,6,6,151,133
9/27/2023,150,20,19,20,20,14,24,20,12,88,61
10/20/2023,114,19,14,18,10,14,16,11,12,67,47
1/5/2021,1603,170,470,299,242,184,135,65,37,813,788
9/20/2023,176,23,24,22,29,23,23,17,15,115,59
9/20/2021,487,104,118,100,55,42,39,18,11,269,217
7/28/2021,348,41,107,92,50,35,11,10,2,175,173
12/7/2021,1156,275,253,223,153,118,78,35,19,601,552
5/17/2023,98,19,21,16,11,10,7,9,5,64,33
11/9/2020,3227,386,830,617,529,430,252,118,65,1627,1587
10/6/2021,374,87,87,76,42,36,29,10,7,184,190
11/7/2021,305,64,79,73,45,24,12,5,3,162,143
8/26/2023,101,26,11,13,13,9,10,11,8,63,38
5/10/2023,179,60,31,23,20,12,14,7,12,104,75
6/18/2022,547,66,96,125,85,72,56,32,15,319,227
10/10/2023,129,19,18,18,14,16,23,17,4,71,58
3/8/2021,327,53,103,61,35,32,31,8,4,165,162
5/2/2023,194,43,25,23,32,27,28,9,7,104,89
11/16/2022,510,122,83,78,62,70,50,27,18,298,212
7/11/2022,1014,142,191,174,142,157,101,62,45,546,468
10/7/2023,58,6,8,7,7,5,11,7,7,34,24
10/25/2023,151,26,27,22,18,15,19,11,13,78,73
11/4/2023,102,14,12,13,8,16,18,14,7,74,28
7/12/2022,964,106,188,183,166,143,84,57,37,553,410
10/2/2023,118,11,15,19,18,18,18,8,11,62,56
2/26/2021,357,66,98,58,58,29,32,10,6,179,177
7/11/2023,43,5,11,6,4,4,3,8,2,27,15
6/25/2022,514,67,99,81,90,70,64,28,15,294,219
1/21/2022,1598,390,301,284,198,166,138,64,57,878,718
11/12/2023,96,12,10,18,6,14,14,13,9,65,31
3/13/2023,371,87,51,49,46,48,44,33,13,204,167
8/27/2020,382,40,131,75,59,32,24,13,8,208,173
9/14/2022,505,96,83,76,73,60,52,49,16,311,194
8/30/2023,205,41,36,43,18,23,17,18,9,112,93
8/25/2022,575,100,107,98,69,87,55,27,32,333,238
2/6/2021,263,29,53,57,37,43,26,11,7,137,126
10/11/2023,125,17,18,21,14,14,17,18,6,73,51
3/25/2022,240,52,48,59,26,22,16,13,4,126,113
3/12/2020,21,0,6,5,2,4,3,1,0,6,15
10/19/2022,403,88,57,57,44,52,46,36,23,215,186
3/11/2021,354,41,106,82,49,36,27,5,8,164,190
3/3/2020,0,0,0,0,0,0,0,0,0,0,0
2/22/2023,468,135,73,59,52,60,46,22,21,273,195
12/8/2021,1285,325,307,269,154,118,58,28,26,652,631
5/11/2023,167,35,26,16,24,13,19,19,15,99,68
2/15/2023,485,169,68,84,54,38,38,14,20,276,208
6/6/2023,50,9,7,7,10,4,7,4,2,35,15
7/1/2020,266,17,98,51,32,27,25,6,10,154,111
6/22/2022,970,94,207,232,156,129,93,32,27,579,390
4/26/2022,926,222,228,198,117,75,55,24,7,536,387
6/10/2022,829,162,194,161,106,89,69,28,20,466,360
4/13/2023,218,33,32,42,24,25,26,13,23,127,91
10/9/2022,166,18,25,25,24,28,17,15,14,90,76
5/18/2022,1343,311,268,277,189,133,92,49,24,767,575
8/27/2023,112,23,13,14,17,17,9,10,9,65,46
8/21/2023,194,28,30,25,30,31,25,20,5,104,90
3/7/2023,387,107,47,58,53,41,46,21,14,221,165
4/16/2023,85,10,13,13,12,12,13,10,2,37,48
3/17/2022,178,31,35,40,24,18,14,10,6,92,86
9/12/2022,607,130,90,102,79,83,56,46,21,343,263
9/5/2023,254,38,32,43,28,30,34,30,18,150,104
12/30/2022,454,33,72,75,65,62,55,50,42,276,178
7/26/2023,98,9,15,18,11,13,16,9,7,58,39
4/10/2020,570,22,79,101,99,107,85,42,35,256,314
10/23/2023,152,26,18,24,25,9,23,16,11,92,60
10/8/2023,57,2,6,11,4,7,11,6,10,27,30
7/7/2023,37,1,8,8,3,4,5,3,5,26,11
10/18/2023,131,19,19,16,22,20,20,10,5,78,53
11/11/2023,104,21,13,9,15,15,6,9,16,55,49
4/13/2022,644,79,187,166,105,52,33,13,9,375,266
5/29/2023,33,1,6,3,3,3,8,2,7,21,12
10/16/2022,176,22,29,27,22,26,25,13,11,107,69
8/16/2023,142,21,20,24,20,24,19,11,3,79,63
5/12/2022,1470,347,288,291,196,167,88,66,27,831,636
1/15/2022,1614,311,327,290,211,176,168,84,47,836,775
2/3/2022,526,139,103,110,51,54,30,27,11,270,256
1/2/2023,388,34,63,71,41,51,53,43,32,217,170
5/18/2021,286,69,61,47,37,37,19,8,8,163,123
12/16/2020,1384,175,323,252,219,204,109,55,47,686,690
12/29/2022,529,63,88,84,81,61,66,41,45,317,211
3/27/2021,410,61,108,94,55,45,34,9,4,199,211
8/11/2023,125,19,26,20,10,15,15,11,9,78,47
10/25/2022,514,78,61,90,81,67,67,44,26,294,220
12/27/2020,612,49,139,114,84,94,69,37,26,328,280
3/15/2021,368,43,109,69,63,30,34,12,8,201,167
6/21/2023,61,6,9,9,8,7,9,8,5,34,27
7/20/2022,1005,144,203,207,146,132,96,49,28,563,441
3/13/2020,32,0,4,13,5,5,5,0,0,8,24
12/17/2022,384,56,44,59,58,52,58,31,26,214,170
2/28/2021,149,16,34,34,22,17,19,5,2,68,80
1/4/2022,9559,2565,1884,1694,1162,1061,683,318,192,5279,4256
7/24/2023,86,13,12,12,11,11,14,6,7,55,31
4/15/2022,549,60,122,150,93,62,34,21,7,315,232
9/22/2022,427,83,62,76,58,51,48,31,18,252,175
3/27/2023,299,83,27,43,27,40,33,27,19,169,130
11/14/2022,543,124,75,77,80,55,72,37,23,312,231
12/29/2021,9356,1897,2115,1822,1283,1019,700,333,184,5252,4080
5/4/2023,152,42,24,27,12,18,11,7,11,101,50
3/9/2020,5,3,0,0,0,0,0,1,1,3,2
7/30/2020,339,49,78,79,48,49,25,7,4,174,164
8/12/2022,642,88,132,101,78,100,79,40,24,354,286
8/12/2023,100,14,11,12,17,12,19,5,10,60,40
7/25/2022,1038,132,218,198,134,142,135,51,28,593,444
9/29/2023,121,15,14,14,17,25,19,8,9,73,47
6/4/2022,592,99,134,126,73,69,45,26,20,317,275
3/11/2023,157,20,19,23,24,30,24,10,7,87,69
7/15/2021,133,15,45,28,21,13,8,3,0,78,55
11/24/2023,144,27,13,12,20,23,15,21,13,87,57
11/20/2023,219,30,18,28,30,28,39,25,21,126,93
7/18/2023,66,10,12,14,8,7,9,5,1,46,20
4/4/2023,216,29,30,42,24,20,31,22,18,130,85
11/19/2023,116,14,10,17,12,13,16,18,15,65,51
1/20/2022,1989,518,379,356,235,211,146,78,66,1032,956
10/19/2021,322,77,60,64,42,30,29,14,6,182,140
2/3/2023,266,45,42,46,32,40,28,25,8,161,105
5/2/2022,1269,324,251,250,164,124,70,59,27,721,545
2/10/2023,365,93,50,61,43,28,31,32,27,204,160
2/8/2023,450,150,72,50,47,45,35,31,20,248,202
3/1/2020,0,0,0,0,0,0,0,0,0,0,0
8/19/2023,131,19,14,15,18,22,15,16,12,66,65
6/24/2022,823,110,187,148,127,101,74,47,29,457,366
10/10/2020,442,40,115,107,67,59,35,9,10,230,212
5/3/2023,151,40,24,25,18,11,16,7,10,88,63
11/9/2023,162,32,21,22,17,16,21,27,6,96,66
5/8/2022,608,109,106,134,111,70,50,19,8,322,286
3/29/2020,283,4,30,48,54,50,50,30,17,129,154
3/8/2020,3,0,0,1,1,0,0,1,0,1,2
4/25/2023,194,43,29,26,21,28,24,14,9,103,91
9/9/2021,514,115,140,104,53,46,33,14,9,274,240
7/21/2021,217,38,60,52,26,24,9,4,4,120,97
7/14/2020,324,46,83,69,48,38,23,15,2,184,138
2/2/2023,429,160,55,55,35,44,25,38,17,252,176
5/21/2022,635,89,119,140,94,81,60,31,21,342,292
1/9/2021,781,97,217,142,101,106,70,34,13,405,376
11/12/2020,2927,329,741,571,495,383,255,114,39,1495,1424
9/19/2023,234,19,41,28,35,23,35,22,31,129,104
4/27/2022,883,195,225,195,104,65,59,24,16,537,344
10/15/2023,69,12,10,12,4,10,8,8,5,39,30
5/15/2023,101,17,18,10,9,9,17,12,9,60,41
11/5/2023,88,14,12,8,10,10,17,5,12,48,40
11/9/2021,649,180,129,127,75,60,42,23,13,331,314
11/24/2021,668,138,148,127,105,59,53,30,8,322,344
12/17/2021,3649,609,1126,878,458,306,161,72,39,1993,1643
12/25/2021,1457,241,339,289,203,165,107,77,36,762,688
8/31/2021,529,106,121,102,81,57,32,20,10,282,246
11/6/2023,218,26,22,28,26,33,39,22,22,130,86
7/27/2023,73,5,11,11,7,16,14,4,5,44,29
3/2/2020,0,0,0,0,0,0,0,0,0,0,0
11/4/2022,426,80,71,59,60,52,53,28,23,249,176
9/24/2020,406,51,121,87,61,44,27,9,6,197,208
7/3/2022,452,51,102,90,63,55,40,33,18,270,182
9/24/2023,91,9,8,13,13,14,10,11,13,57,33
11/10/2023,164,21,22,17,21,19,25,20,19,105,57
6/19/2020,219,28,68,38,29,24,16,9,7,111,106
5/25/2022,1337,299,281,249,178,143,104,45,38,771,566
9/2/2021,497,85,139,121,65,44,23,13,7,247,250
11/20/2021,464,82,87,107,73,55,35,17,8,243,220
10/19/2020,1165,151,274,250,162,169,96,43,20,595,568
3/6/2021,220,30,56,50,26,21,22,8,7,109,111
9/16/2021,477,94,116,114,56,49,24,21,3,251,225
7/28/2022,874,124,182,170,118,113,93,48,26,505,368
10/14/2023,79,10,12,11,11,4,15,11,5,41,38
11/30/2020,2389,282,556,500,371,319,199,98,64,1271,1115
11/7/2023,158,33,11,24,29,20,24,9,8,97,60
8/8/2020,177,22,56,27,32,18,14,3,5,94,83
8/8/2022,911,109,192,138,125,120,114,68,45,504,405
2/16/2023,423,102,70,50,43,58,46,29,25,250,168
12/18/2022,356,52,57,71,48,50,43,20,15,193,160
10/5/2022,364,83,53,59,45,49,40,17,18,196,168
11/26/2023,129,21,16,24,12,19,12,13,12,88,41
8/10/2023,116,18,19,24,15,16,13,6,5,67,49
7/2/2022,542,80,106,92,83,71,48,43,19,333,209
6/8/2022,1037,238,202,221,148,106,58,40,24,604,433
8/26/2020,388,48,126,82,44,44,23,12,9,196,191
9/30/2021,462,116,105,92,48,46,29,19,7,238,222
4/9/2021,769,137,221,149,112,73,52,17,8,413,356
1/3/2022,9477,2257,1964,1671,1274,1115,741,271,181,5210,4245
1/31/2021,171,13,37,32,33,23,18,9,6,78,93
11/17/2021,733,151,156,160,96,72,40,27,31,370,362
7/3/2023,46,4,10,11,6,4,4,4,3,24,22
7/17/2021,120,20,37,28,18,8,2,4,3,66,53
4/16/2021,656,109,188,126,94,67,47,13,12,377,279
1/19/2022,2336,677,423,412,279,222,162,95,66,1264,1068
12/1/2022,619,123,91,92,73,91,72,39,38,347,271
11/3/2023,126,17,15,23,21,14,17,13,6,76,50
11/1/2023,132,16,16,18,19,26,11,11,15,86,46
1/27/2021,657,75,146,131,102,92,61,33,17,337,320
9/21/2023,138,15,13,26,17,20,18,14,15,74,63
5/1/2020,1173,59,224,221,204,195,134,68,68,636,537
10/6/2023,89,11,8,12,16,10,13,16,3,57,31
7/21/2023,73,12,5,13,7,10,15,7,4,46,27
7/13/2020,337,36,99,69,45,35,31,7,15,195,142
10/17/2023,137,21,30,21,16,15,11,12,11,85,52
9/29/2021,413,93,87,102,51,36,25,14,5,211,197
8/16/2021,587,61,148,149,104,60,46,13,6,282,303
10/7/2021,383,83,86,86,48,36,30,11,3,205,178
12/10/2021,1207,239,261,284,181,104,81,26,18,617,590
9/4/2020,395,61,102,82,53,38,33,16,10,206,188
4/12/2022,530,57,180,123,57,49,32,22,10,324,206
1/28/2021,607,82,143,107,95,80,54,29,17,305,302
10/8/2021,310,55,78,59,42,33,25,14,4,159,151
9/4/2021,343,69,71,73,51,35,34,7,3,186,156
2/16/2022,367,95,88,62,48,28,24,12,9,188,179
4/27/2021,564,101,142,113,79,63,41,14,11,288,276
9/12/2020,136,11,31,34,25,18,11,5,1,69,66
11/29/2022,819,129,138,121,103,110,104,74,40,465,351
8/1/2023,96,6,10,17,20,15,15,9,4,67,29
6/8/2023,35,5,6,4,4,4,5,4,3,21,14
6/23/2022,856,100,180,188,132,122,70,45,19,483,370
9/8/2021,658,136,180,135,68,62,43,22,12,356,302
4/22/2021,579,107,151,128,79,56,34,15,9,306,273
7/10/2023,41,8,6,6,3,10,5,3,0,27,14
12/22/2021,7509,997,2294,1846,1052,685,407,142,86,4183,3293
6/30/2020,264,25,91,59,39,24,15,5,6,134,129
7/19/2023,68,7,17,5,13,6,10,7,3,39,29
4/6/2023,186,23,29,26,21,25,29,18,15,88,98
11/28/2023,126,24,14,19,20,9,9,19,12,85,41
12/4/2022,375,51,51,49,60,58,46,25,35,197,178
8/10/2021,531,65,157,140,74,41,25,18,11,291,238
12/13/2021,2173,451,541,482,314,214,120,39,12,1118,1047
9/14/2020,430,62,108,91,66,59,27,9,8,226,203
10/22/2020,1307,146,331,308,214,137,92,53,26,681,621
4/1/2021,722,89,236,166,88,71,42,26,4,369,352
1/5/2022,6819,1211,1577,1289,932,815,563,276,156,3749,3058
5/22/2023,93,17,14,8,11,16,17,7,3,52,41
11/23/2021,722,172,166,143,84,68,43,22,24,347,373
6/10/2023,27,1,2,5,4,5,5,3,2,13,14
1/13/2022,3620,944,650,573,447,435,322,164,85,1930,1687
4/2/2023,90,16,16,9,8,12,12,12,5,54,36
5/28/2023,42,11,3,9,2,2,8,3,4,29,13
11/18/2023,126,23,14,16,16,12,20,15,10,69,57
1/4/2023,445,31,92,66,78,55,52,47,24,243,201
4/14/2022,546,54,190,116,72,61,32,14,7,320,222
6/9/2023,35,5,7,6,7,4,2,4,0,22,13
3/25/2023,133,19,16,17,21,18,15,13,14,78,55
11/10/2020,3352,397,815,690,546,436,287,126,55,1718,1627
3/17/2023,195,28,31,27,23,30,16,24,16,110,84
5/3/2021,548,87,112,124,74,84,42,20,5,311,237
2/13/2021,222,23,61,41,36,29,20,7,5,119,103
1/23/2023,431,147,54,55,40,48,48,18,21,232,196
8/30/2022,777,198,130,112,106,83,66,47,35,477,298
11/11/2021,525,116,119,114,59,49,31,18,19,280,242
12/19/2022,819,182,90,121,105,110,117,52,42,435,383
11/17/2023,153,20,15,21,15,18,19,28,17,81,72
6/12/2023,38,9,3,8,3,3,4,4,4,22,16
9/6/2023,244,35,57,31,22,33,31,14,20,142,102
1/25/2022,1355,406,255,224,170,120,107,47,26,723,630
4/26/2023,133,40,15,24,13,13,11,9,8,70,63
11/15/2023,204,30,21,23,27,30,23,28,22,115,87
8/25/2023,206,29,27,33,25,32,24,21,15,127,79
6/7/2023,58,8,10,13,5,11,3,7,1,28,30
5/27/2022,1053,209,221,218,145,124,73,41,22,604,447
7/19/2022,1002,140,196,197,147,126,95,69,32,582,419
3/11/2020,13,0,4,1,3,3,2,0,0,4,9
10/28/2023,57,10,7,4,6,7,6,6,11,41,16
11/25/2023,147,27,15,11,20,16,17,21,20,86,61
5/30/2023,83,16,8,15,6,13,10,9,6,43,40
5/16/2022,1465,392,273,302,197,142,89,45,25,834,628
3/28/2023,308,86,42,43,35,38,29,19,16,175,131
3/4/2020,1,0,0,0,0,1,0,0,0,0,1
9/20/2022,430,85,75,66,45,49,52,30,28,257,172
4/11/2022,543,64,154,128,77,54,32,19,15,309,233
5/4/2021,465,79,125,80,84,39,31,14,13,244,221
4/19/2023,159,47,19,21,18,22,12,7,13,98,61
9/9/2023,117,17,14,11,12,20,17,18,8,79,38
2/25/2023,160,17,27,22,30,20,15,16,13,102,58
4/30/2023,50,13,4,4,8,10,7,1,3,20,30
3/21/2023,260,77,34,42,27,26,26,14,14,157,103
10/9/2023,85,7,11,14,14,11,11,11,6,48,37
1/28/2023,176,32,23,30,23,21,24,16,7,106,70
4/30/2022,530,80,109,125,79,54,49,26,8,298,232
6/16/2021,36,6,10,10,7,0,1,2,0,22,14
8/23/2022,674,86,117,121,107,84,86,38,35,400,274
5/13/2023,44,7,5,7,5,5,9,3,3,27,17
7/25/2023,83,7,21,18,6,13,9,7,2,51,32
12/27/2022,611,57,93,101,74,96,83,69,38,339,270
5/26/2022,1223,244,269,255,146,145,83,50,31,679,544
1/5/2023,435,32,73,72,59,62,59,43,35,271,163
6/28/2022,1018,111,224,248,132,138,74,66,25,573,444
1/31/2023,413,135,48,68,44,41,33,31,13,236,177
8/4/2023,74,6,10,14,6,14,5,12,7,44,30
11/6/2020,2789,342,799,572,410,336,217,71,42,1474,1312
10/3/2023,126,18,17,12,20,15,13,14,17,85,41
3/15/2023,293,88,50,46,40,32,22,13,2,163,130
8/11/2022,644,66,112,118,92,87,75,51,42,340,303
5/8/2023,169,40,21,20,19,31,18,11,9,101,68
11/19/2022,280,38,43,54,39,42,31,19,14,164,116
11/5/2020,2637,289,763,579,388,312,186,70,50,1379,1249
3/5/2023,138,17,20,21,24,16,15,16,9,77,60
8/17/2023,150,20,22,20,21,23,20,17,7,90,60
7/28/2023,90,15,13,14,18,11,6,8,5,60,30
2/24/2023,408,104,50,50,60,47,39,40,18,237,170
10/7/2022,313,58,55,42,39,42,35,24,18,187,126
7/4/2021,18,6,2,6,1,0,0,2,1,10,8
4/20/2022,709,96,188,172,101,74,36,26,16,415,291
10/5/2023,99,11,11,8,14,15,16,18,6,60,39
9/12/2023,186,19,26,25,20,24,25,19,28,112,72
10/31/2022,525,103,81,77,63,68,66,42,25,286,239
2/6/2023,464,143,69,67,51,60,36,22,16,254,206
3/27/2020,404,4,43,61,86,103,49,36,22,212,192
5/5/2022,1088,241,206,239,172,104,61,45,20,626,461
7/6/2022,1048,115,225,234,165,120,100,54,35,615,430
3/26/2023,105,18,14,25,10,12,14,8,4,62,43
7/23/2022,622,99,106,125,89,78,74,34,17,371,250
3/4/2023,190,33,24,26,23,29,21,16,18,118,72
9/25/2021,228,45,50,43,31,22,23,8,6,120,108
2/17/2023,398,101,59,43,46,40,52,30,27,214,184
5/3/2022,1294,345,297,233,178,116,67,38,20,729,563
1/31/2022,943,287,195,139,98,91,61,41,31,515,426
9/10/2023,95,9,17,12,9,10,9,18,11,58,37
7/12/2023,55,10,7,14,12,4,6,1,1,36,17
2/7/2023,453,110,73,71,45,60,40,29,25,269,184
5/26/2023,45,9,3,13,3,3,5,5,4,31,14
9/2/2022,529,123,74,86,66,58,54,39,29,309,220
5/5/2023,104,26,13,18,8,13,7,12,7,63,41
4/8/2022,397,59,99,100,62,42,16,12,7,229,165
1/17/2023,468,108,59,62,76,64,52,31,16,261,207
8/13/2023,77,11,11,13,6,18,6,4,8,49,28
3/23/2020,289,4,46,55,52,56,30,35,11,140,149
5/4/2022,1223,261,253,268,173,136,66,45,21,716,506
4/3/2023,202,25,38,28,27,24,26,24,10,118,83
7/1/2023,32,3,3,7,6,3,6,2,2,17,15
3/1/2023,396,109,48,67,57,41,32,28,14,248,148
5/18/2023,82,18,11,12,4,12,10,13,2,42,40
1/14/2022,3073,820,519,533,389,311,259,143,99,1638,1432
7/15/2022,852,106,161,181,127,121,86,45,25,483,367
7/5/2022,1117,125,223,252,181,148,108,53,27,620,497
5/1/2023,131,31,17,29,8,22,10,8,6,82,49
7/1/2022,732,71,149,149,117,99,77,46,24,417,313
11/29/2021,1463,370,282,292,199,179,97,32,12,735,724
10/12/2022,387,76,58,54,55,50,44,26,24,226,161
7/2/2023,20,0,4,3,2,3,5,1,2,12,8
12/21/2022,774,175,103,116,88,96,99,64,33,419,354
1/15/2023,152,16,20,25,20,27,18,11,15,83,69
9/4/2023,113,14,17,16,10,8,17,15,16,67,44
3/30/2022,400,81,90,101,54,40,20,10,4,226,174
2/13/2023,454,113,60,60,53,63,51,29,25,261,190
1/2/2022,4152,932,948,796,588,462,246,113,66,2277,1866
1/11/2021,1355,187,334,267,211,172,104,48,32,694,660
7/12/2021,103,11,33,23,13,10,6,6,1,51,52
5/17/2021,346,58,84,74,44,38,33,8,7,197,149
10/15/2021,315,88,60,61,31,28,27,10,10,152,161
2/8/2021,385,47,74,67,60,54,44,18,21,207,177
1/2/2021,1114,126,277,209,191,146,87,51,27,591,521
10/29/2021,370,81,65,72,67,37,29,14,5,183,186
4/20/2021,564,87,170,120,78,66,17,14,12,325,238
1/13/2021,1109,147,274,223,146,143,95,48,33,550,557
10/2/2021,237,52,39,48,31,37,19,8,3,122,115
3/23/2021,566,65,192,124,74,66,28,11,6,282,284
3/6/2022,81,7,24,12,12,6,7,7,6,44,37
12/20/2021,5808,817,1713,1432,835,528,295,125,61,3107,2678
10/5/2021,383,97,84,79,49,32,21,13,8,193,189
1/12/2023,417,89,56,50,52,50,52,45,23,226,190
9/10/2021,515,106,147,81,71,48,34,19,9,265,246
6/6/2022,1141,259,199,228,141,138,98,52,26,659,482
10/14/2021,361,78,79,77,48,36,28,11,4,218,143
11/27/2021,554,110,117,124,85,52,40,17,9,286,266
5/20/2023,43,3,4,7,4,6,10,5,3,31,12
10/27/2022,500,105,79,63,58,70,61,32,32,266,234
12/27/2021,9237,1477,2198,2008,1394,1033,689,294,143,5113,4094
12/24/2021,3923,632,956,840,606,478,245,104,62,2137,1775
8/6/2021,466,67,136,125,51,42,26,15,4,224,242
4/13/2021,677,81,200,140,112,89,30,13,12,370,306
11/22/2021,781,189,151,155,111,77,55,22,20,403,373
9/10/2022,307,53,37,51,37,47,33,30,19,172,135
8/24/2022,706,100,146,138,87,89,63,51,31,425,281
4/11/2021,363,70,82,76,61,30,28,12,4,193,170
4/14/2021,772,143,215,175,115,61,37,11,15,413,358
12/26/2021,4455,628,1203,1014,702,457,263,123,65,2420,2016
8/20/2021,564,88,143,133,79,51,36,23,11,284,278
9/13/2021,554,129,127,120,64,46,35,24,9,278,276
3/9/2021,332,42,109,61,37,40,19,12,12,165,166
1/19/2021,1083,141,264,205,168,124,91,58,32,549,534
9/11/2023,145,20,24,18,23,20,16,12,12,89,56
4/8/2021,860,146,243,191,124,86,52,11,7,456,404
10/23/2020,1016,126,251,188,173,134,90,37,16,543,469
8/11/2021,600,86,154,174,74,53,28,24,7,308,292
12/15/2021,3590,628,1193,872,423,253,128,62,31,1960,1621
9/21/2021,468,119,98,82,65,48,30,18,8,247,220
2/4/2023,168,25,22,31,21,22,18,21,8,90,78
3/17/2021,483,46,165,105,70,49,35,9,4,240,242
4/15/2021,638,143,161,137,82,51,37,17,10,328,310
12/11/2021,872,167,216,175,129,82,60,33,10,463,406
4/19/2021,659,120,161,140,122,72,33,9,2,357,302
11/16/2021,742,187,142,153,102,64,38,29,27,376,363
4/2/2022,204,37,42,49,34,20,12,10,0,117,87
4/18/2020,534,13,89,101,95,90,81,44,21,246,288
10/8/2022,182,21,26,35,24,27,21,14,14,103,79
1/24/2021,338,34,81,71,46,43,30,23,10,170,168
12/5/2021,511,106,96,90,81,60,47,19,12,262,247
8/30/2021,596,135,123,127,89,61,32,22,7,315,281
12/6/2021,1208,323,236,229,176,115,75,25,17,657,547
5/23/2023,90,20,12,11,7,13,11,10,6,48,42
11/25/2021,188,26,42,43,23,25,15,8,6,93,94
8/9/2022,816,106,160,154,152,80,68,62,34,490,325
1/20/2023,438,131,40,60,35,61,58,35,18,226,210
3/17/2020,96,0,15,21,18,17,19,2,4,37,59
2/27/2023,478,104,63,68,59,60,63,35,26,264,214
11/18/2021,630,162,121,144,88,56,31,16,12,323,305
6/11/2021,39,6,12,6,6,2,3,3,1,18,21
5/24/2023,76,18,16,12,11,9,3,5,2,46,30
1/3/2023,524,54,93,89,70,81,60,44,33,302,221
11/17/2022,467,93,63,76,51,57,63,34,30,276,190
8/23/2023,169,18,36,26,17,23,23,13,13,95,74
10/18/2022,389,83,56,41,46,53,58,32,19,220,167
8/31/2023,183,32,27,32,23,17,22,16,14,103,79
9/2/2023,126,22,14,23,10,19,12,11,15,85,41
8/24/2023,172,31,27,23,25,11,23,22,10,108,64
4/5/2023,148,9,31,24,19,14,25,15,11,83,65
6/11/2023,21,2,5,4,1,3,4,1,1,12,9
8/7/2023,97,12,11,7,15,19,15,13,5,51,46
12/22/2022,523,43,73,97,72,74,84,51,29,298,225
12/31/2021,5189,1003,1113,951,789,602,397,214,120,2862,2307
8/2/2023,117,15,22,25,10,17,11,8,9,71,46
6/28/2023,33,5,5,8,2,4,7,2,0,22,10
6/22/2020,218,23,60,34,38,26,19,15,3,113,105
6/14/2023,36,7,2,9,4,2,6,3,3,20,16
11/4/2021,495,151,100,110,53,35,28,11,7,272,223
11/26/2022,349,36,51,56,50,39,51,34,32,177,171
4/6/2021,858,134,234,185,126,90,56,18,15,440,417
1/24/2022,1507,412,298,249,172,150,117,69,40,783,719
7/18/2022,1124,153,198,221,173,162,110,63,44,644,478
1/8/2022,3316,609,650,631,539,378,292,145,71,1779,1533
7/8/2022,899,113,182,185,138,133,84,36,28,513,385
3/3/2022,162,33,24,34,26,17,14,9,5,84,77
2/28/2023,395,113,59,48,48,45,41,23,18,204,190
1/26/2022,1226,343,251,206,158,99,84,43,42,653,570
1/18/2022,2738,917,453,410,326,273,199,100,60,1462,1270
10/15/2022,207,15,31,32,27,35,34,19,14,118,89
12/16/2021,3986,694,1310,951,538,272,143,53,25,2169,1807
2/9/2021,412,49,111,75,60,51,39,13,14,214,198
6/13/2021,28,5,3,10,4,3,2,1,0,18,10
10/1/2023,96,11,11,14,13,17,8,11,11,58,38
2/1/2023,468,195,66,57,50,31,42,16,11,246,222
8/6/2023,55,10,7,6,6,8,5,5,8,38,17
7/15/2023,32,1,5,1,6,9,4,1,5,19,13
12/18/2021,2739,421,834,644,386,242,120,65,27,1480,1249
10/27/2023,99,16,9,14,9,18,12,12,9,61,38
7/23/2023,38,2,8,2,4,8,7,4,3,23,15
10/29/2023,66,12,9,9,6,6,8,10,6,45,21
8/31/2022,645,139,112,111,81,75,79,29,19,390,253
4/22/2023,87,11,4,9,11,16,8,12,16,49,37
5/11/2022,1655,448,297,319,228,184,117,36,26,920,731
5/13/2020,877,56,189,165,164,135,96,40,32,450,421
1/30/2022,425,102,78,73,66,28,39,24,15,234,190
7/20/2023,78,6,8,14,16,14,5,13,2,57,21
7/31/2022,451,77,95,71,51,67,46,28,16,261,190
5/6/2020,968,55,187,159,213,170,93,53,38,483,484
11/8/2022,411,57,70,71,51,55,47,38,21,231,179
10/26/2023,124,16,14,20,20,18,16,10,10,72,51
1/17/2022,2011,391,368,343,293,249,201,97,68,1065,943
12/28/2021,10423,2816,2272,1913,1326,1013,622,304,153,5881,4520
1/6/2022,5755,977,1233,1099,807,715,491,247,182,3080,2668
9/18/2023,179,25,20,33,23,22,27,17,12,96,83
7/22/2023,45,6,6,8,3,9,4,7,2,30,15
7/4/2023,21,3,1,5,3,5,0,3,1,11,10
1/7/2022,4832,895,1030,849,693,613,410,219,122,2668,2157
7/7/2020,341,35,107,69,55,44,19,8,4,184,156
9/1/2023,155,24,28,16,16,24,16,16,15,90,64
12/31/2022,252,28,37,45,24,33,29,32,23,148,104
7/7/2022,988,117,205,186,132,151,114,53,30,562,425
5/14/2020,778,49,167,150,133,110,95,43,31,399,371
9/13/2023,182,19,35,27,25,22,23,14,17,117,65
8/22/2023,182,24,31,22,19,27,31,12,16,106,76
2/8/2022,569,165,118,84,70,52,42,24,14,294,273
9/8/2023,154,18,24,25,20,24,21,15,7,99,55
3/19/2020,185,5,34,47,36,25,18,18,2,88,97
2/25/2022,186,41,45,35,18,19,15,8,4,95,91
7/30/2023,47,6,3,9,5,5,8,5,6,20,27
9/14/2023,191,16,25,27,30,20,30,26,17,128,63
3/21/2021,221,28,69,44,27,24,17,8,4,101,120
2/18/2023,198,26,40,25,26,30,23,13,15,107,91
4/23/2023,59,11,7,9,9,5,9,6,3,27,32
7/13/2022,974,120,186,195,146,149,92,57,29,542,427
10/1/2022,204,25,27,47,24,20,26,16,19,111,93
3/10/2023,260,46,48,38,31,36,31,14,16,146,113
6/15/2023,41,5,6,5,5,6,6,7,1,25,16
1/10/2022,4817,958,956,786,683,624,463,219,128,2547,2261
7/29/2023,49,9,3,12,4,5,7,5,4,29,20
10/14/2022,345,57,57,59,42,50,35,25,20,202,143
8/14/2023,146,14,28,24,22,21,17,15,5,83,62
4/22/2020,1053,33,168,168,168,206,150,65,95,547,506
7/22/2022,823,116,151,155,113,121,85,49,32,482,341
5/26/2021,171,31,44,24,22,24,11,9,6,98,73
2/20/2023,334,41,46,41,41,54,44,41,26,191,142
10/29/2022,230,30,34,40,29,34,33,16,14,133,97
2/5/2022,376,81,67,77,47,52,22,20,10,168,208
10/20/2022,441,83,71,73,44,48,55,42,25,257,183
8/20/2023,102,12,21,14,10,15,13,9,8,65,37
6/30/2022,921,103,205,202,133,117,78,57,26,524,396
9/7/2023,186,28,28,27,20,23,27,20,13,116,69
11/27/2022,285,32,49,53,40,35,30,25,21,180,105
6/12/2022,525,91,98,119,74,65,43,21,14,271,252
9/17/2023,103,10,7,15,10,19,12,15,15,59,43
5/25/2021,128,15,30,24,20,18,14,5,2,81,47
8/1/2020,141,7,45,27,17,25,11,6,3,69,72
8/16/2020,120,10,40,28,9,15,10,6,1,56,63
1/16/2022,1145,232,208,222,144,152,90,59,38,628,515
1/12/2022,4041,1174,699,630,491,382,324,204,137,2145,1889
8/22/2022,762,93,144,135,113,112,78,53,34,429,332
4/17/2023,180,40,32,22,10,21,24,19,12,106,74
10/16/2023,145,21,24,20,10,19,20,19,12,89,56
8/5/2022,787,94,161,134,106,105,104,46,37,436,347
6/16/2022,745,90,153,150,112,84,86,47,23,455,288
9/28/2023,162,16,30,23,18,27,23,18,7,94,68
8/3/2023,98,17,17,19,9,14,14,4,4,64,33
8/15/2023,158,21,29,22,20,23,22,16,5,101,57
3/16/2021,451,85,132,99,51,41,23,18,2,253,198
1/11/2022,4428,1008,810,756,603,532,407,197,115,2428,1993
9/16/2023,106,13,12,11,11,19,14,14,12,68,37
12/1/2020,2187,270,511,425,342,271,201,108,59,1167,1014
9/1/2021,538,99,146,107,72,52,38,12,12,302,235
6/4/2021,75,18,18,8,10,7,9,3,2,37,38
8/11/2020,386,48,103,74,66,48,37,7,3,184,202
10/24/2021,204,49,41,54,23,16,12,6,3,110,94
6/27/2020,130,11,41,21,23,14,10,7,3,64,66
3/18/2021,423,55,168,78,53,39,22,3,5,203,218
7/18/2020,132,13,37,25,21,19,9,5,3,61,71
9/11/2022,211,33,36,38,32,28,23,11,10,113,98
9/22/2020,350,43,108,70,52,35,20,12,10,174,174
1/20/2021,788,107,212,155,117,91,59,31,16,397,391
12/24/2020,619,69,128,128,83,84,66,32,29,302,311
9/7/2020,72,4,19,17,5,10,11,3,3,39,33
11/30/2021,1171,272,254,231,151,134,73,35,21,577,591
9/29/2020,381,47,105,72,65,45,26,17,4,197,184
8/2/2020,95,11,21,29,10,6,11,6,1,45,49
10/11/2020,300,22,93,59,43,37,30,9,7,125,174
4/17/2022,252,56,39,61,43,22,14,14,3,151,97
8/4/2021,496,69,142,120,77,41,22,18,7,254,241
3/22/2020,168,6,23,27,31,37,24,14,6,74,94
4/29/2021,531,111,118,108,71,64,34,13,12,267,264
3/5/2021,291,47,77,63,38,29,24,8,5,150,141
5/30/2020,237,22,54,41,42,41,23,9,5,131,104
6/2/2023,46,10,9,5,1,8,5,6,2,28,18
10/25/2021,363,82,78,65,51,36,26,17,8,189,172
12/22/2020,1338,178,301,250,195,163,151,64,36,693,644
7/6/2020,282,23,79,66,41,35,21,11,6,150,129
2/28/2022,198,54,42,38,23,23,7,8,3,107,90
3/24/2020,350,1,59,67,58,56,61,34,14,158,192
3/24/2022,243,43,67,62,32,12,16,7,4,132,111
3/13/2021,257,28,66,62,42,32,20,4,3,130,127
2/2/2022,365,70,71,73,58,44,26,14,9,192,172
10/3/2020,227,26,57,46,35,28,20,9,6,121,106
6/5/2021,62,14,13,9,7,8,7,2,2,33,29
2/11/2022,328,72,86,58,31,32,23,17,9,174,154
7/14/2021,139,24,44,32,15,13,9,1,1,73,65
8/26/2021,592,99,138,134,77,54,38,35,17,317,275
3/20/2023,329,80,46,49,36,37,37,26,18,182,147
2/9/2022,488,137,114,79,65,36,27,16,14,263,221
2/11/2021,437,64,101,82,58,61,44,19,8,211,226
3/18/2022,150,26,37,37,16,17,5,9,3,77,73
4/25/2020,638,32,122,120,135,107,67,31,24,313,325
8/4/2022,811,98,179,147,114,103,87,54,29,468,343
12/1/2021,1215,291,294,222,172,97,73,43,23,654,554
7/17/2020,324,35,101,66,48,35,21,13,5,167,155
7/25/2021,141,19,43,34,18,13,6,6,2,78,62
11/18/2020,2326,290,567,452,387,295,196,98,41,1182,1137
6/24/2020,245,22,77,56,28,34,11,9,8,143,101
7/18/2021,92,12,27,20,12,8,7,4,2,51,41
12/15/2022,820,165,111,111,120,103,100,69,41,485,335
5/16/2021,154,23,34,29,22,17,14,8,7,84,70
9/24/2021,353,70,88,81,41,34,24,13,2,185,166
5/2/2021,230,32,46,55,24,28,29,11,5,129,100
3/3/2023,292,78,35,50,28,27,34,23,17,171,121
2/12/2021,357,42,105,68,48,26,40,20,8,168,189
12/11/2022,317,41,52,62,39,43,33,25,22,192,125
12/12/2021,826,153,241,164,111,86,39,16,15,447,376
8/13/2022,450,51,83,86,61,63,55,29,22,262,188
3/1/2022,186,59,31,28,22,17,15,5,9,103,82
9/21/2022,369,70,68,74,44,45,30,23,15,216,153
1/16/2023,290,24,37,42,41,40,49,40,17,165,124
6/8/2020,273,21,63,48,49,40,24,15,13,136,135
11/26/2021,517,82,123,112,59,69,47,13,12,273,243
3/15/2020,40,0,3,8,9,8,5,4,3,13,27
3/14/2021,180,24,53,36,31,17,14,5,0,85,95
10/31/2021,239,52,37,57,40,19,22,9,3,125,114
6/13/2020,120,13,25,19,14,22,14,7,6,67,53
11/13/2021,386,72,74,88,52,43,30,17,10,196,190
6/30/2023,41,3,9,5,4,4,8,5,3,27,14
3/18/2020,162,2,31,32,40,23,18,11,5,80,82
3/29/2023,204,30,40,36,22,28,19,19,10,129,75
9/9/2022,469,78,86,71,62,62,52,25,33,276,193
12/5/2022,763,143,102,114,114,130,71,52,36,425,337
10/14/2020,850,75,246,215,135,89,63,19,8,458,389
2/12/2023,176,21,26,32,24,18,24,11,20,102,74
5/9/2020,520,33,104,100,98,90,54,28,13,263,255
1/27/2023,399,105,48,59,51,52,43,30,11,236,163
7/22/2020,364,39,122,82,56,28,22,13,2,190,172
1/6/2023,419,40,55,72,53,59,71,45,24,241,176
4/27/2020,1157,42,234,201,231,207,125,53,64,584,573
5/24/2022,1319,327,278,272,159,123,85,50,25,756,561
3/4/2021,288,42,82,60,39,24,23,11,7,148,140
7/19/2021,203,34,65,51,24,21,4,3,1,97,105
1/1/2023,147,16,19,24,16,22,20,18,12,78,69
12/6/2022,828,171,108,119,109,103,114,45,59,475,353
10/22/2021,306,65,51,79,35,37,23,10,6,153,152
6/29/2022,976,104,218,211,148,129,90,40,36,574,399
5/24/2021,217,39,49,41,33,25,16,10,4,112,105
11/19/2020,2167,250,524,458,358,278,187,83,29,1114,1044
7/9/2022,575,89,90,105,75,88,67,46,15,316,259
10/3/2022,442,86,72,65,50,65,46,42,16,261,181
12/9/2021,1299,283,324,287,171,135,61,26,12,652,645
5/16/2020,514,35,106,87,93,77,59,35,22,278,232
9/3/2020,341,36,103,60,51,49,23,13,6,181,159
7/17/2023,44,5,7,8,9,7,3,3,2,25,18
10/30/2020,1871,233,474,384,289,240,151,65,35,952,916
11/11/2020,2489,267,682,514,360,321,212,79,54,1307,1173
6/3/2021,95,20,20,19,13,10,6,6,1,47,48
4/25/2021,275,40,70,71,28,36,21,8,1,141,134
8/19/2020,485,58,150,90,57,71,39,13,7,256,229
8/9/2021,506,95,141,108,69,40,27,20,6,239,263
5/7/2022,691,125,125,160,108,77,61,17,18,383,308
8/8/2021,274,42,77,56,39,23,16,15,6,146,128
5/7/2020,939,58,178,195,172,147,116,40,33,485,449
4/3/2020,464,2,71,63,77,94,78,49,30,253,211
6/4/2020,319,27,91,63,54,40,26,10,8,160,158
6/25/2021,35,7,6,6,9,2,5,0,0,16,19
11/14/2020,1400,168,320,277,239,173,126,76,21,714,685
10/9/2021,239,51,52,54,31,26,16,7,2,113,125
5/17/2020,326,17,53,58,37,65,44,22,30,159,167
4/7/2020,556,2,83,106,94,84,80,55,52,295,261
3/16/2023,307,72,48,42,35,33,40,23,14,174,131
4/13/2020,694,10,99,115,127,160,91,53,39,354,340
3/29/2021,731,96,239,136,94,91,47,18,10,387,344
2/26/2022,106,18,21,22,12,13,9,10,1,49,57
9/22/2021,406,81,88,93,63,37,25,10,9,196,209
6/18/2021,35,2,10,6,6,6,2,1,2,19,16
9/10/2020,329,23,121,69,44,36,27,5,4,190,138
3/31/2022,305,52,80,79,38,23,17,12,4,170,135
3/22/2021,547,58,166,114,82,77,33,13,4,273,273
5/10/2020,306,17,59,52,64,42,41,14,17,137,169
4/26/2020,434,12,83,55,96,67,57,32,32,228,206
6/26/2020,219,18,60,49,29,26,17,11,9,121,98
7/2/2020,256,25,80,44,39,28,22,10,8,144,112
4/21/2020,873,20,147,164,160,153,109,56,64,438,435
11/7/2022,583,131,101,92,70,74,51,37,27,335,247
12/24/2022,242,31,30,33,35,27,39,27,19,145,97
2/13/2022,168,40,26,31,22,17,11,14,7,91,77
8/17/2020,489,68,141,83,72,63,29,23,10,235,250
8/6/2022,535,82,95,90,77,76,48,42,25,290,244
4/9/2020,574,9,83,101,103,129,74,40,35,259,315
10/26/2021,343,91,62,70,45,39,24,8,4,180,162
3/31/2020,489,5,57,104,97,91,69,39,27,261,228
1/8/2021,1204,159,327,215,167,152,109,48,27,613,590
5/5/2021,483,97,130,82,75,59,24,7,9,256,226
9/6/2021,279,70,66,53,41,17,21,7,4,139,139
5/11/2020,1017,62,206,197,192,142,118,69,31,519,494
11/23/2020,2374,274,542,492,360,351,201,99,55,1258,1112
2/5/2021,403,49,101,73,52,54,36,22,16,205,198
5/12/2020,940,64,176,177,181,163,92,49,38,492,446
3/10/2020,11,1,2,3,2,0,0,2,1,8,3
3/10/2022,163,42,37,23,19,17,10,10,5,91,71
10/9/2020,668,67,172,168,100,69,52,27,13,325,341
8/7/2021,318,46,79,81,42,35,21,10,4,163,155
5/28/2021,139,31,33,18,22,17,8,6,4,89,50
10/3/2021,204,46,39,36,24,28,18,9,4,102,102
8/27/2021,540,95,151,108,71,52,38,14,11,288,252
7/11/2021,69,18,13,15,8,11,1,3,0,34,35
3/4/2022,118,30,20,26,14,11,7,6,4,70,48
1/29/2023,160,31,34,19,24,13,22,11,6,88,72
9/20/2020,108,14,31,28,13,9,5,7,1,57,51
8/5/2021,479,76,149,130,56,34,21,8,5,233,244
9/27/2021,475,121,101,90,47,56,40,10,10,249,225
9/23/2020,391,49,118,89,59,38,27,6,5,189,196
12/2/2022,620,96,99,97,78,77,83,55,35,374,246
12/11/2020,1670,235,380,311,266,225,136,79,38,863,805
6/7/2020,110,3,29,30,16,13,8,7,4,53,57
5/29/2021,89,17,16,17,15,15,7,1,1,42,47
3/20/2021,277,31,90,67,37,24,18,5,5,135,142
8/28/2021,359,80,91,62,51,31,25,11,8,186,172
6/2/2022,1211,279,268,230,160,133,87,31,23,708,500
3/28/2020,248,2,27,54,36,44,38,28,19,138,110
4/10/2022,319,63,49,81,49,39,16,18,4,189,128
9/8/2022,571,119,87,109,67,74,56,29,29,349,221
8/7/2020,417,65,108,83,54,48,35,14,10,198,218
1/16/2021,624,84,141,104,111,82,63,28,10,355,269
8/20/2020,422,48,120,85,64,58,33,10,4,235,186
4/3/2021,469,61,130,113,69,51,27,12,6,235,233
6/5/2022,589,68,118,142,96,72,48,30,15,347,241
9/18/2020,356,41,101,74,44,45,34,8,9,163,193
8/29/2022,844,208,119,118,118,122,86,42,31,454,389
6/23/2021,47,7,10,11,9,6,2,0,2,28,19
11/19/2021,683,174,120,149,95,64,48,24,9,361,322
7/14/2022,941,127,163,176,144,131,102,63,35,535,405
9/17/2020,391,38,122,88,53,40,30,11,9,188,202
4/24/2022,398,74,63,97,64,49,28,15,8,226,169
8/10/2022,799,111,160,131,103,127,78,56,33,443,354
1/12/2021,1089,139,288,191,150,132,105,50,34,566,522
2/21/2021,158,16,42,31,27,23,10,5,4,86,72
3/5/2022,93,20,12,18,19,11,8,3,2,52,41
5/20/2020,771,58,210,132,138,107,72,36,18,402,362
8/15/2021,286,49,61,79,34,30,20,8,5,138,147
8/3/2020,428,52,128,88,68,47,24,14,7,216,211
4/11/2020,397,7,53,71,65,83,54,38,26,184,213
11/1/2020,733,77,184,151,114,96,53,36,22,393,339
8/12/2021,592,60,173,180,79,49,26,19,6,287,305
9/18/2021,309,62,61,69,41,38,23,11,4,164,145
5/23/2022,1356,334,255,238,163,181,100,56,29,763,591
9/8/2020,369,36,120,80,55,40,23,10,5,181,188
9/17/2021,439,94,92,96,61,41,30,12,13,244,195
8/15/2022,734,97,116,134,124,113,70,48,32,436,298
7/27/2022,933,132,194,211,120,110,91,49,26,552,379
7/22/2021,224,37,65,53,21,24,12,10,2,120,103
6/2/2020,247,14,35,45,44,31,34,18,26,120,114
11/12/2022,240,33,37,38,32,37,31,21,11,138,102
7/12/2020,97,7,33,15,19,11,3,7,2,52,45
8/29/2020,233,24,72,37,41,25,22,12,0,127,106
4/14/2020,666,16,102,121,122,126,78,51,50,356,310
12/16/2022,646,140,79,92,71,71,92,62,39,338,307
6/29/2023,40,5,8,8,8,4,2,2,3,26,14
10/22/2022,232,25,35,49,28,34,29,19,13,137,95
10/21/2021,337,84,69,71,40,39,19,14,1,184,153
5/28/2020,521,41,110,90,98,69,60,27,26,262,255
6/20/2022,851,72,174,163,165,106,87,54,30,497,354
3/3/2021,336,46,90,72,56,29,25,14,4,160,176
12/5/2020,1203,165,270,216,170,185,118,51,28,610,592
8/1/2021,215,26,54,51,28,25,22,7,2,108,106
1/10/2023,506,129,67,67,51,43,68,44,37,285,220
1/26/2023,388,121,63,57,39,36,32,21,19,217,170
6/14/2020,92,6,22,18,20,14,6,2,4,44,48
8/6/2020,349,38,113,73,52,31,22,11,9,180,169
5/23/2020,328,31,63,58,54,54,35,19,14,177,150
3/26/2022,197,28,50,46,31,21,11,6,4,100,96
4/15/2023,96,16,11,12,10,12,10,13,12,56,40
11/1/2022,569,103,90,100,70,76,59,44,27,333,235
6/10/2021,39,7,6,8,6,2,7,1,2,17,22
8/2/2022,962,116,195,204,138,111,97,71,30,544,416
9/17/2022,247,44,46,34,34,25,26,19,19,135,111
2/20/2021,213,35,57,30,29,33,13,8,8,106,107
3/9/2022,170,52,28,34,18,19,12,6,1,92,75
4/10/2023,253,60,29,33,29,32,31,22,17,147,106
6/2/2021,100,19,27,15,6,19,8,5,1,59,41
10/18/2021,353,95,64,60,57,41,23,7,6,184,168
11/22/2022,488,51,72,100,50,67,62,64,22,285,203
5/18/2020,943,67,235,151,190,148,83,46,23,495,440
8/18/2020,411,50,130,79,59,46,22,21,4,211,199
2/1/2021,608,79,150,114,95,88,44,22,16,318,290
1/13/2023,345,70,49,52,37,46,42,30,19,196,148
4/6/2022,599,114,159,140,75,58,23,24,6,336,261
3/31/2023,229,68,29,43,21,19,27,10,12,129,100
2/9/2023,388,98,60,59,42,50,32,25,22,211,175
12/20/2020,581,62,139,116,94,70,48,31,21,304,276
11/2/2020,2323,271,555,507,372,311,186,75,46,1188,1127
3/20/2020,155,2,23,22,32,30,27,15,4,72,83
5/16/2023,103,25,12,12,17,14,4,11,8,62,41
5/26/2020,749,61,158,127,137,128,76,40,22,392,353
5/17/2022,1375,360,255,280,148,146,91,64,30,806,568
5/27/2020,614,70,124,101,116,83,66,32,22,317,289
4/5/2022,531,122,138,120,70,43,23,13,2,286,245
1/30/2023,423,115,64,58,51,55,42,22,16,265,158
7/26/2022,971,133,167,199,138,134,106,54,40,541,430
6/9/2020,254,19,50,33,46,44,38,14,10,115,136
7/29/2021,323,49,89,90,48,28,12,7,0,174,148
8/27/2022,386,77,68,58,54,47,33,32,17,224,162
3/2/2021,329,46,104,62,44,31,25,11,6,183,146
6/9/2022,982,190,190,206,158,104,66,45,23,577,403
1/22/2021,736,102,172,144,116,97,61,30,14,387,349
4/23/2020,1466,32,192,206,223,239,246,161,167,780,684
7/5/2021,58,11,15,14,7,5,3,2,1,26,31
2/14/2021,143,22,38,29,19,17,4,12,2,75,68
8/14/2022,388,62,69,64,53,53,42,28,17,204,184
3/7/2022,166,33,36,25,23,15,20,7,7,88,78
7/14/2023,52,4,9,9,2,4,9,11,4,25,27
8/17/2021,558,80,156,128,78,57,36,15,8,271,283
1/18/2021,715,85,143,163,107,80,82,33,22,392,323
5/31/2020,121,16,28,20,22,12,13,5,5,59,61
7/24/2021,197,45,54,35,16,24,14,5,4,94,103
12/19/2020,853,96,171,162,160,119,76,40,29,450,396
5/9/2023,137,40,10,18,9,13,24,14,9,77,59
12/23/2022,327,34,43,76,37,52,40,26,19,182,143
11/4/2020,2512,302,707,563,365,289,173,84,29,1291,1212
12/19/2021,2584,399,796,662,344,214,104,42,23,1435,1138
6/3/2023,33,4,5,6,6,5,3,2,2,12,21
8/22/2020,191,18,59,32,28,26,16,10,2,97,93
8/31/2020,413,58,121,72,60,49,29,15,9,217,195
5/6/2022,1063,227,214,217,167,106,80,33,19,581,482
8/28/2020,383,66,109,62,50,47,29,15,5,185,198
1/23/2022,666,166,116,134,99,70,43,24,14,333,332
3/12/2021,349,52,93,79,49,46,18,6,6,202,147
10/25/2020,525,66,139,124,63,66,39,18,10,281,243
4/5/2021,947,179,235,212,151,96,46,20,8,500,447
5/8/2020,921,52,168,191,196,154,82,44,34,453,466
6/18/2020,184,24,43,34,30,29,9,5,10,94,88
11/22/2020,780,62,200,159,141,88,76,34,20,384,395
10/2/2020,415,46,107,98,60,40,23,30,11,207,208
4/17/2021,438,70,98,96,78,46,24,14,12,236,202
5/8/2021,271,47,74,58,38,28,14,5,7,166,105
12/10/2022,331,37,43,63,57,33,44,26,28,197,134
10/29/2020,1887,216,543,405,300,194,131,60,38,977,908
3/30/2023,256,58,30,45,27,27,30,24,15,150,106
6/11/2020,201,19,62,27,28,33,19,9,4,108,88
11/23/2022,514,62,81,102,56,62,73,50,28,266,248
10/31/2020,1066,136,272,222,169,130,86,39,12,544,522
5/19/2021,278,45,70,64,25,30,33,7,4,148,130
2/4/2021,538,68,138,122,68,64,45,21,12,269,268
8/10/2020,376,41,107,68,63,49,24,19,5,184,191
3/20/2022,120,21,27,30,18,7,13,3,1,76,44
12/7/2020,2065,274,472,398,328,284,170,92,47,1073,984
7/13/2021,103,15,22,32,10,10,6,6,2,49,51
10/1/2021,383,79,94,85,46,35,26,13,5,202,177
9/15/2022,390,81,70,51,46,53,41,29,19,223,167
9/1/2022,641,157,80,124,85,86,49,33,27,367,274
6/6/2021,58,10,19,8,7,5,5,3,1,32,26
9/2/2020,405,42,127,81,67,45,25,12,6,224,180
8/25/2020,412,52,121,75,68,50,27,9,9,225,184
9/25/2020,379,44,101,78,66,46,26,12,6,202,176
5/1/2021,352,63,71,67,58,41,36,11,5,184,168
5/10/2021,399,103,66,72,67,50,29,7,5,217,182
3/5/2020,1,0,0,0,0,1,0,0,0,1,0
7/11/2020,154,8,68,23,22,13,12,8,0,79,75
9/5/2020,203,23,61,40,34,21,17,6,1,94,109
2/15/2022,358,94,80,70,29,34,25,12,14,206,152
7/28/2020,332,36,87,75,66,33,19,9,7,185,145
12/9/2020,1757,194,433,333,292,220,178,75,32,942,809
6/22/2023,45,3,11,7,2,8,2,6,6,29,16
11/24/2020,1923,239,443,366,324,251,161,84,54,1021,894
10/11/2021,320,72,65,64,39,40,21,15,4,181,139
4/7/2022,509,103,118,123,76,47,24,14,3,279,228
3/11/2022,125,27,24,25,13,16,12,4,4,55,70
11/15/2021,692,194,121,145,100,66,35,20,11,347,339
11/1/2021,436,108,65,96,51,55,37,15,9,233,202
4/1/2020,461,3,57,68,87,85,91,41,29,245,216
10/4/2022,381,75,50,67,44,47,46,30,22,236,145
6/13/2023,39,6,4,6,7,3,6,5,2,25,14
6/20/2021,27,6,6,4,4,2,5,0,0,16,11
2/5/2023,164,36,21,25,21,22,15,15,9,95,69
7/8/2021,76,13,30,16,5,6,3,3,0,43,33
7/10/2021,49,7,12,16,8,2,1,3,0,24,25
3/24/2021,682,63,250,168,79,71,32,12,7,332,349
6/1/2020,233,21,50,35,32,35,17,17,26,137,95
2/15/2021,258,35,63,59,35,29,21,13,3,128,130
8/1/2022,949,130,177,166,143,124,109,72,28,563,384
12/23/2020,1223,140,289,222,193,166,119,62,32,635,583
1/7/2023,299,31,58,34,48,45,36,26,21,170,128
4/19/2022,887,199,232,189,102,76,52,24,13,496,388
9/27/2022,367,79,51,51,61,51,34,23,17,204,163
1/6/2021,1454,190,415,296,205,154,107,63,24,754,692
5/6/2021,399,64,100,83,48,46,38,13,7,217,182
1/18/2023,463,154,62,56,53,55,36,28,19,252,210
9/9/2020,400,41,132,74,54,46,37,11,5,217,183
6/16/2020,210,18,58,37,32,32,21,3,9,117,92
4/9/2022,281,52,47,79,37,23,17,19,7,144,134
2/23/2022,236,57,55,49,27,21,14,9,4,135,101
11/15/2020,833,85,191,160,139,110,84,35,28,443,390
6/19/2022,480,64,97,112,75,52,43,20,17,279,201
6/30/2021,51,11,12,10,9,3,3,3,0,20,31
1/4/2021,1878,230,475,388,304,226,137,71,47,988,881
7/27/2021,302,38,85,83,44,28,12,7,5,162,140
3/28/2022,352,99,80,69,35,36,17,13,3,182,169
12/4/2020,1856,240,409,341,306,272,158,85,45,939,912
8/26/2022,547,103,93,73,84,69,71,31,23,329,215
11/21/2022,506,48,59,78,78,85,88,36,34,272,234
11/9/2022,499,126,74,75,63,66,45,28,22,278,221
5/31/2021,45,4,8,10,8,4,5,2,4,23,22
4/21/2021,655,110,161,134,105,62,44,19,20,346,309
5/31/2022,1649,379,297,327,219,184,140,65,38,959,690
1/17/2021,392,40,74,74,61,68,31,26,18,195,197
6/23/2023,37,3,3,7,3,6,4,5,6,27,10
11/25/2020,1833,260,430,354,257,237,165,85,45,969,857
9/19/2020,170,11,49,41,23,24,16,2,4,89,81
6/9/2021,64,11,14,7,12,10,4,3,3,33,30
7/27/2020,362,51,102,66,50,40,30,14,9,194,166
3/10/2021,336,52,101,67,42,41,21,7,5,169,167
8/14/2020,347,54,86,64,59,40,26,10,8,180,165
9/7/2021,577,119,133,99,86,61,41,23,15,302,274
8/18/2021,555,75,152,122,80,59,39,20,8,274,280
5/23/2021,95,15,24,18,12,8,6,4,8,52,43
9/19/2021,244,55,50,56,34,23,16,2,8,127,116
6/15/2020,235,36,57,42,34,30,25,9,2,132,101
7/24/2020,346,38,102,77,47,39,21,11,11,195,149
12/10/2020,1703,227,364,328,281,230,161,64,48,903,791
5/19/2020,888,78,211,170,148,129,85,39,28,450,433
2/2/2021,647,68,159,124,103,84,64,26,19,316,331
3/25/2020,367,2,51,71,72,82,33,36,20,169,198
11/8/2021,605,176,117,103,93,60,26,18,12,303,301
3/1/2021,312,47,81,53,45,32,34,9,11,156,155
7/19/2020,100,14,27,23,9,14,6,6,1,53,46
8/30/2020,100,12,24,16,18,14,8,4,4,48,51
3/8/2022,163,44,38,24,16,14,12,11,4,89,73
6/10/2020,232,10,57,45,31,36,26,18,9,128,101
10/18/2020,347,30,84,90,58,43,21,16,5,172,174
3/19/2022,122,16,32,29,13,14,13,2,2,74,48
1/10/2021,495,62,121,93,77,64,40,23,15,258,233
10/28/2020,1736,213,461,402,288,192,109,50,21,905,823
4/2/2020,436,2,58,69,85,91,58,40,33,210,226
8/18/2022,588,93,88,99,75,78,78,52,25,340,247
8/23/2021,644,124,141,141,80,66,54,26,12,337,307
6/21/2020,48,4,16,11,3,7,2,4,1,29,19
11/2/2021,490,131,94,111,54,43,29,18,10,262,226
5/31/2023,78,28,5,13,5,9,9,5,4,45,33
9/3/2021,511,122,130,95,76,35,24,20,9,242,268
5/22/2020,724,64,154,135,125,112,74,35,25,369,348
5/2/2020,719,25,142,126,154,143,74,40,15,343,376
11/24/2022,161,16,22,26,25,20,19,17,16,89,72
2/7/2022,577,141,113,103,65,50,49,32,24,297,279
5/21/2021,245,53,49,44,36,33,18,6,6,140,105
3/2/2022,153,46,32,26,21,16,5,3,4,83,70
9/1/2020,330,34,97,70,38,45,32,8,6,177,153
10/21/2022,365,37,64,64,54,51,43,40,12,217,146
9/28/2020,419,56,101,76,69,53,39,14,11,216,201
6/17/2022,680,100,127,137,99,91,64,38,24,415,265
11/28/2020,1373,158,326,257,218,200,129,55,30,698,674
10/11/2022,395,61,56,64,45,52,62,34,21,218,176
2/22/2022,280,78,66,43,28,25,19,11,10,136,144
11/13/2022,188,24,28,39,25,23,15,23,11,105,83
8/13/2020,390,39,118,78,72,40,24,11,8,211,177
8/14/2021,405,77,102,100,49,33,29,12,3,215,190
5/30/2022,386,51,69,69,73,51,32,17,24,235,150
2/14/2022,381,108,78,61,40,36,29,20,9,186,193
4/8/2020,704,11,86,100,107,154,129,69,48,353,351
7/20/2020,394,53,95,90,55,47,36,14,4,198,192
7/23/2020,318,33,100,68,43,36,17,12,9,189,128
1/14/2023,181,22,29,23,22,24,27,21,13,111,70
11/26/2020,265,22,48,36,39,34,35,31,19,133,132
5/21/2020,798,75,174,137,119,122,78,50,43,417,372
2/24/2022,235,63,53,49,25,19,10,12,4,132,101
4/22/2022,688,151,128,148,98,65,48,34,16,398,290
6/27/2021,15,4,2,4,1,0,1,3,0,9,6
9/15/2021,518,118,124,109,63,49,39,10,6,276,242
12/14/2021,2807,516,878,641,357,216,133,43,21,1493,1307
10/12/2020,681,69,180,119,122,91,59,31,10,322,356
9/28/2021,384,85,84,85,40,39,31,12,8,212,172
9/6/2020,143,16,44,30,17,18,10,3,5,72,71
2/18/2021,315,36,98,52,50,42,25,10,2,163,152
5/11/2021,309,60,65,69,41,34,30,5,5,160,149
1/29/2022,582,136,99,118,79,48,59,28,15,295,285
10/1/2020,364,50,123,69,41,49,15,15,2,177,186
6/19/2021,30,6,11,5,1,2,1,4,0,18,12
3/19/2023,127,12,20,18,20,17,18,14,8,72,55
4/24/2020,1074,30,177,172,186,188,158,74,89,516,558
5/4/2020,1121,57,217,224,244,177,109,53,40,565,556
5/22/2021,130,27,37,15,13,19,10,8,1,68,62
5/14/2021,289,66,69,55,34,28,26,7,4,156,133
12/28/2022,508,48,70,77,79,72,65,55,42,285,223
2/19/2021,318,46,83,63,41,42,13,16,14,164,153
6/19/2023,42,3,3,4,6,3,12,4,7,28,14
1/22/2023,180,15,33,36,24,19,20,27,6,98,81
9/12/2021,266,55,62,52,39,25,18,13,2,166,100
11/11/2022,422,93,59,65,44,53,47,29,31,231,191
3/21/2020,125,0,18,25,20,28,16,13,5,53,72
8/5/2023,53,9,9,11,6,3,6,6,3,36,17
9/7/2022,689,161,110,92,104,105,55,37,24,393,296
5/5/2020,1091,53,206,206,217,207,125,50,27,562,529
7/16/2020,298,27,88,67,44,31,22,10,9,156,141
7/9/2021,82,13,20,25,12,5,4,2,1,39,43
6/28/2021,50,12,9,9,9,5,3,3,0,18,32
4/12/2020,341,28,32,56,54,60,46,34,31,144,197
7/30/2022,487,55,93,98,65,66,52,38,20,291,195
10/2/2022,176,20,32,19,23,20,29,15,18,99,77
9/23/2022,339,46,64,59,39,55,41,26,9,188,150
7/31/2020,392,46,112,82,64,42,31,8,7,208,181
7/8/2020,306,37,99,67,37,33,20,11,2,158,148
4/16/2020,677,8,118,113,119,121,94,63,41,320,357
6/24/2023,22,2,6,2,4,4,0,2,2,13,9
1/24/2023,407,113,52,49,43,57,46,23,24,212,194
4/28/2021,572,85,144,130,94,68,28,13,10,302,269
5/25/2020,252,7,34,35,41,43,49,26,17,123,126
8/9/2020,115,16,41,21,12,6,9,6,4,53,62
4/19/2020,459,7,66,60,66,75,75,50,60,206,253
7/4/2022,257,39,40,49,29,36,25,20,18,141,115
1/3/2021,659,74,183,132,82,77,62,31,18,332,326
5/28/2022,613,91,114,132,94,66,55,40,21,349,264
6/8/2021,74,21,17,12,8,6,7,2,1,44,30
11/20/2022,262,30,37,47,29,43,27,33,16,154,108
10/4/2021,428,105,84,79,53,48,32,22,5,211,216
12/31/2020,970,89,250,199,141,119,79,56,37,491,477
9/21/2020,420,51,123,85,56,46,34,18,7,215,203
8/7/2022,441,61,86,95,65,60,42,19,13,244,197
9/16/2022,422,81,67,58,59,46,50,36,25,243,179
3/23/2022,312,59,67,89,36,33,17,9,2,186,126
6/21/2021,46,11,11,9,7,1,5,2,0,24,22
10/17/2021,200,38,42,49,25,18,12,10,6,116,84
10/6/2020,558,61,176,105,93,70,32,16,5,292,265
6/28/2020,110,8,36,22,20,10,9,3,2,64,46
9/23/2021,368,81,85,74,47,30,29,15,7,192,174
8/20/2022,372,64,65,65,44,52,39,24,19,204,167
3/26/2020,413,2,65,74,78,96,53,36,9,181,232
7/8/2023,34,2,8,3,4,4,4,7,2,22,12
8/21/2021,372,48,91,87,67,43,24,9,3,192,180
12/3/2021,920,207,188,170,130,88,79,44,14,444,473
7/5/2020,90,7,29,19,14,11,8,2,0,54,35
6/4/2023,30,5,4,4,4,3,5,3,2,16,14
6/3/2022,1097,241,199,217,146,122,90,59,23,623,474
2/19/2022,124,15,27,21,21,16,9,9,6,64,60
10/30/2022,198,25,32,25,24,30,29,15,18,116,82
11/28/2021,493,74,103,109,85,54,39,15,14,249,240
10/17/2022,466,90,77,67,60,56,57,39,20,263,203
9/27/2020,167,15,52,32,24,21,11,9,3,94,73
10/5/2020,553,54,157,116,96,66,38,22,4,266,286
2/25/2021,282,33,69,60,53,19,26,17,5,135,147
3/22/2022,269,58,64,64,41,21,10,8,3,158,111
6/14/2021,67,10,14,22,7,9,4,1,0,37,30
2/27/2022,93,18,18,18,11,11,9,6,2,48,45
6/24/2021,45,7,15,10,7,4,0,1,1,25,20
9/4/2022,252,43,38,43,34,37,23,19,15,132,120
7/6/2023,43,3,8,8,3,7,9,4,1,21,22
2/4/2022,580,151,128,85,73,63,45,16,19,322,257
3/28/2021,355,30,120,74,51,41,25,8,6,192,163
11/10/2021,592,163,133,119,70,39,39,15,14,303,287
7/26/2020,96,7,24,25,10,16,8,4,2,48,48
8/29/2021,309,66,73,59,49,35,13,9,5,150,159
12/13/2022,772,158,119,110,99,104,86,54,42,447,325
6/7/2022,1100,254,199,219,140,131,83,45,29,634,463
6/12/2020,248,32,61,42,46,27,21,8,11,141,103
1/30/2021,419,76,84,78,52,54,44,20,11,221,198
10/20/2020,1196,159,309,230,199,141,88,48,22,605,591
7/16/2021,155,23,42,48,14,18,6,3,1,79,75
11/20/2020,2300,328,528,432,371,267,192,109,73,1196,1101
7/31/2021,268,34,73,62,39,22,19,11,8,142,125
4/20/2023,135,31,14,22,15,17,20,6,10,78,57
11/17/2020,2462,266,586,490,390,344,227,104,55,1272,1181
7/21/2022,970,126,175,178,126,154,106,61,44,550,420
2/10/2021,366,51,101,69,42,44,28,18,13,172,194
11/5/2022,258,33,45,47,33,39,28,16,16,142,116
4/15/2020,630,21,91,107,111,124,86,46,44,306,324
7/2/2021,54,5,11,10,12,6,7,3,0,32,22
6/15/2021,52,10,8,10,11,8,2,2,1,34,18
4/4/2021,307,45,70,68,60,35,16,8,5,154,152
11/3/2022,462,94,65,79,63,51,52,32,26,294,167
12/17/2020,1348,169,327,255,197,183,123,50,43,708,636
7/16/2022,567,76,101,109,91,65,68,36,20,324,241
11/12/2021,617,130,103,136,89,80,44,20,15,333,281
11/15/2022,504,108,67,76,60,65,56,43,29,312,191
2/11/2023,182,17,30,23,24,29,25,21,13,105,76
4/1/2023,129,15,12,18,23,13,22,15,11,77,52
8/21/2022,362,71,59,69,58,46,26,22,10,212,150
3/16/2022,234,52,52,56,32,21,13,7,0,111,123
9/11/2021,321,65,71,71,48,29,16,15,6,182,138
3/13/2022,82,9,17,25,15,5,7,1,3,48,34
4/4/2020,326,2,34,38,61,70,63,33,25,152,174
7/26/2021,326,61,91,77,34,33,19,6,5,178,148
12/2/2021,1058,230,245,213,135,116,70,30,19,571,484
11/14/2021,382,97,82,79,51,36,25,6,6,179,201
10/28/2021,400,93,77,91,55,45,27,6,6,210,190
8/24/2020,554,91,134,111,96,66,31,18,7,292,258
8/23/2020,130,10,43,17,23,15,12,8,2,71,59
7/17/2022,527,84,94,106,84,70,51,26,12,297,230
11/3/2020,2140,262,554,448,350,265,153,65,43,1090,1048
3/19/2021,440,64,145,105,49,37,21,13,6,220,220
4/26/2021,647,119,153,142,95,91,31,10,6,351,296
6/29/2021,56,16,11,13,9,1,3,3,0,32,24
8/5/2020,378,44,114,83,54,33,32,14,4,184,192
7/29/2020,446,56,131,94,68,51,28,12,6,233,209
12/9/2022,570,123,83,77,85,71,60,46,24,336,234
8/2/2021,474,65,138,114,74,40,27,12,4,251,222
7/25/2020,155,29,33,33,25,16,7,9,3,78,77
10/8/2020,612,82,181,116,68,83,55,19,8,311,301
3/16/2020,77,1,13,21,18,12,7,4,1,36,41
6/23/2020,234,12,72,43,37,27,17,16,10,117,116
4/29/2022,757,155,134,177,110,74,60,26,21,427,329
12/25/2022,120,20,10,15,16,14,20,11,14,67,53
7/10/2022,521,75,106,100,88,58,50,31,13,298,223
5/20/2022,1103,252,198,209,145,122,96,50,31,607,495
3/7/2021,174,16,42,39,33,25,11,5,3,83,91
10/17/2020,547,70,139,115,95,58,45,15,10,275,272
4/18/2022,771,145,168,160,124,82,49,32,11,440,326
7/6/2021,75,22,17,13,6,8,6,2,1,45,30
7/9/2023,24,2,5,7,5,3,0,1,1,15,9
6/6/2020,170,18,33,22,36,28,20,9,4,88,82
6/26/2021,20,3,4,8,3,0,2,0,0,11,9
1/11/2023,492,122,65,54,63,62,51,44,31,287,204
9/11/2020,342,51,93,83,40,37,21,14,3,171,170
5/13/2021,315,64,69,49,56,38,31,5,3,178,136
4/30/2021,550,124,118,102,66,62,48,19,11,309,241
9/5/2021,320,76,71,62,45,42,14,4,6,170,150
6/5/2020,337,33,75,70,50,51,30,18,10,171,165
10/13/2020,876,89,249,195,134,108,58,24,19,444,429
7/4/2020,63,8,16,10,13,6,7,2,1,33,28
2/10/2022,425,100,100,82,42,32,40,21,8,232,193
12/12/2020,915,110,215,178,135,124,90,45,18,467,445
2/23/2021,311,31,88,63,37,48,25,12,7,153,158
4/24/2021,409,75,83,95,62,49,28,12,5,227,182
7/3/2021,48,6,12,16,7,5,1,0,1,22,25
10/7/2020,548,59,163,117,85,63,34,18,9,269,278
7/1/2021,32,5,11,8,5,1,2,0,0,15,17
5/7/2023,63,10,9,8,7,11,10,5,3,36,27
10/21/2020,1180,116,380,246,176,130,84,32,16,612,568
6/1/2021,128,29,23,25,26,16,5,4,0,74,54
11/7/2020,1568,181,392,337,265,187,113,54,39,824,744
5/27/2021,121,18,32,22,15,10,15,6,3,65,56
5/19/2022,1179,241,244,244,156,111,87,56,40,652,525
7/9/2020,288,27,93,58,41,34,23,7,5,135,152
9/26/2021,207,40,45,49,25,16,11,15,6,106,101
11/6/2021,315,62,61,75,48,31,22,9,7,158,153
1/15/2021,1022,126,264,194,174,115,79,48,22,532,490
5/20/2021,248,49,47,54,35,27,22,13,1,132,116
9/16/2020,365,47,120,78,48,34,25,10,3,203,162
2/3/2021,571,83,143,100,75,63,65,26,16,292,279
11/13/2020,2691,333,649,537,402,344,244,122,60,1449,1235
4/9/2023,96,15,16,17,8,12,17,8,3,60,36
5/9/2021,166,28,28,37,21,20,15,10,7,87,79
12/3/2020,2070,235,520,406,317,308,157,80,47,1094,972
9/13/2020,123,12,37,30,19,13,9,3,0,61,62
3/31/2021,717,85,226,160,89,92,33,18,14,362,354
12/14/2022,819,253,98,114,95,101,71,46,41,455,364
6/16/2023,45,8,8,10,3,3,4,4,5,28,17
9/5/2022,213,39,25,31,35,21,21,23,18,118,95
7/5/2023,33,5,0,6,5,4,3,5,5,20,12
12/29/2020,1713,218,390,355,259,222,150,72,47,925,787
8/15/2020,221,18,65,41,30,34,20,11,2,106,113
1/9/2023,494,91,59,75,58,68,60,50,33,269,222
3/26/2021,600,75,217,133,68,56,34,6,11,289,311
10/4/2020,152,19,34,26,20,25,13,12,3,63,89
1/14/2021,1053,135,221,232,175,127,93,46,24,547,506
6/29/2020,279,22,89,55,36,40,17,9,11,137,140
5/1/2022,535,97,99,141,74,58,31,28,7,307,228
6/1/2023,67,7,12,8,7,10,13,7,3,43,24
10/20/2021,322,67,88,52,41,31,27,11,5,146,174
7/3/2020,174,14,52,36,25,18,16,9,4,106,67
4/29/2020,1151,54,208,230,219,201,118,62,59,547,603
4/7/2023,125,18,19,16,16,18,22,12,4,69,56
10/27/2021,385,99,80,66,53,41,28,11,7,197,188
1/26/2021,644,77,156,122,114,88,46,29,12,315,328
6/17/2021,35,7,7,10,3,3,4,1,0,17,18
3/14/2022,183,35,35,43,26,20,17,5,2,101,82
8/3/2021,442,58,140,103,53,38,34,11,5,228,212
8/25/2021,605,101,149,138,81,69,32,22,13,319,286
11/21/2020,1264,160,294,248,194,161,116,60,31,640,623
10/12/2021,376,95,78,77,52,34,21,15,4,199,176
1/9/2022,2057,397,431,390,285,231,158,100,65,1089,963
9/29/2022,360,63,49,64,37,52,44,27,23,191,169
10/26/2020,1539,192,403,303,257,180,117,66,21,782,754
1/1/2021,266,28,60,49,37,34,19,21,18,132,132
5/7/2021,365,68,91,69,63,41,17,9,7,194,171
10/23/2022,203,27,36,39,18,33,22,15,13,114,88
12/13/2020,609,53,129,128,93,84,59,37,26,327,282
10/24/2022,614,105,84,95,78,75,88,60,29,358,256
10/16/2020,953,113,243,182,158,134,73,35,15,498,452
5/30/2021,52,7,15,11,6,6,7,0,0,23,29
4/18/2023,192,38,25,25,26,21,17,14,26,110,82
6/22/2021,32,3,7,8,3,5,5,0,1,18,14
12/4/2021,611,124,150,124,68,67,37,21,20,331,278
3/30/2021,736,92,258,145,90,77,57,12,5,377,359
9/3/2022,331,66,55,50,44,34,30,35,17,196,135
12/2/2020,2049,214,514,409,304,299,182,77,50,1068,976
11/29/2020,898,105,215,191,130,115,78,41,23,452,444
3/30/2020,439,6,54,78,81,82,59,43,36,217,222
10/10/2021,173,31,38,32,22,21,15,9,5,98,74
9/14/2021,495,135,110,99,59,49,26,12,5,251,244
12/6/2020,708,72,160,128,111,99,72,48,18,374,332
3/15/2022,256,63,65,51,31,24,10,6,6,147,109
11/8/2020,1105,123,269,236,177,142,87,44,27,553,551
6/1/2022,1354,322,260,268,167,150,105,50,32,770,578
11/28/2022,887,193,137,135,102,121,109,55,35,509,376
6/13/2022,914,95,182,215,140,110,97,43,32,514,399
4/30/2020,1274,57,230,221,230,189,150,95,102,628,644
5/12/2023,94,15,14,17,7,9,14,12,6,55,39
1/25/2023,372,126,57,49,43,29,35,22,11,208,164
9/6/2022,792,171,128,127,115,117,54,53,26,451,339
4/21/2022,681,111,171,164,82,67,46,23,17,356,320
5/24/2020,278,16,55,42,47,33,47,22,16,148,130
7/15/2020,268,30,84,51,33,34,18,12,6,150,118
10/27/2020,1627,202,452,342,251,179,117,53,31,841,783
12/18/2020,1300,167,289,251,205,169,120,59,40,673,620
7/29/2022,812,124,151,145,112,109,85,56,30,466,345
12/28/2020,1665,202,367,360,217,243,170,66,40,846,814
1/23/2021,588,71,120,135,86,80,53,30,13,304,284
4/16/2022,356,40,79,87,66,31,31,13,9,191,158
11/10/2022,551,124,91,99,57,78,44,36,22,311,240
2/20/2022,112,17,29,14,24,10,10,4,4,51,61
12/25/2020,160,8,33,24,20,16,21,17,21,75,84
12/12/2022,916,197,111,105,128,128,125,61,61,504,412
1/25/2021,856,102,198,171,130,106,97,32,20,456,399
11/3/2021,519,143,96,105,59,55,32,17,12,280,235
8/24/2021,568,114,158,122,65,45,27,25,11,293,274
9/30/2020,462,47,140,95,53,65,35,17,10,236,226
4/1/2022,321,56,79,81,38,29,28,4,6,177,143
5/13/2022,1264,292,220,231,183,145,111,58,24,714,549
1/27/2022,1028,289,200,191,118,80,84,42,24,538,489
5/12/2021,341,68,74,71,44,43,20,19,2,196,145
2/16/2021,213,24,65,30,43,22,17,8,4,113,99
7/23/2021,243,42,60,67,29,19,14,8,4,134,109
10/23/2021,221,37,40,57,24,27,21,7,8,110,111
6/25/2020,249,22,70,65,36,21,20,11,4,124,125
12/26/2020,955,94,234,179,155,140,89,41,23,506,446
12/15/2020,1613,214,361,270,259,242,156,67,44,818,786
12/3/2022,420,50,73,72,62,56,57,34,16,235,185
10/10/2022,328,44,55,47,41,51,42,27,21,171,156
7/20/2021,187,32,47,50,27,17,7,5,2,98,89
4/14/2023,165,31,20,28,16,17,33,14,6,96,69
3/12/2023,87,9,7,18,16,11,13,7,6,41,46
6/17/2020,219,18,57,33,32,30,23,13,13,109,109
2/17/2022,305,80,72,55,34,28,17,12,7,167,138
5/21/2023,35,2,3,3,6,3,5,4,9,17,18
2/17/2021,384,35,119,70,70,47,23,10,10,191,193
4/5/2020,292,3,31,50,49,73,42,20,24,127,165
2/27/2021,177,31,39,32,21,24,14,9,7,100,77
5/3/2020,464,10,95,78,76,81,66,31,27,214,250
7/30/2021,355,51,111,68,49,48,15,9,4,164,191
10/15/2020,907,86,266,213,112,115,72,28,15,464,442
1/8/2023,238,43,45,41,20,23,29,27,10,141,95
4/10/2021,557,88,150,112,91,65,28,15,8,281,275
12/26/2022,444,44,59,66,72,57,60,43,43,251,193
4/23/2022,409,66,70,94,57,48,42,22,10,220,188
11/21/2021,374,68,91,75,52,43,30,7,8,223,150
3/12/2022,86,15,14,17,14,11,5,8,2,50,36
6/20/2020,125,18,32,18,21,19,5,9,3,65,60
3/21/2022,275,66,52,67,30,27,24,8,1,148,126
2/22/2021,386,51,90,84,56,54,32,11,8,198,188
1/22/2022,999,220,195,181,131,115,87,45,24,559,439
12/20/2022,904,154,122,136,116,137,121,61,57,517,384
1/29/2021,592,90,143,100,95,72,57,25,10,308,283
6/14/2022,828,102,184,181,124,97,73,42,25,473,354
9/18/2022,194,33,34,26,25,22,29,21,4,113,81
3/25/2021,675,75,243,160,82,58,35,17,5,309,366
2/7/2021,212,23,48,46,30,31,14,13,7,113,99
7/10/2020,344,35,120,73,51,24,18,18,5,168,174
8/12/2020,432,51,116,93,73,53,29,10,7,225,205
4/23/2021,531,93,129,99,82,62,40,16,10,289,242
4/18/2021,316,44,71,78,45,44,18,9,7,173,143
6/12/2021,46,5,13,13,3,7,1,2,2,18,28
1/7/2021,1381,166,367,277,187,157,147,50,30,677,695
9/26/2020,233,26,66,50,32,40,11,7,1,105,128
3/29/2022,362,75,103,84,42,34,11,9,4,205,157
9/24/2022,205,27,41,35,27,24,31,12,8,125,80
11/16/2020,2556,316,599,485,457,339,203,96,61,1327,1220
9/28/2022,336,60,63,56,39,40,37,21,20,192,143
10/30/2021,280,57,60,63,29,32,21,12,6,140,139
4/28/2020,1321,68,247,231,252,247,155,69,52,634,687
5/22/2022,622,116,115,117,110,65,54,30,15,352,270
8/21/2020,430,60,139,88,46,54,29,11,3,242,186
4/3/2022,215,51,33,63,29,17,14,4,4,129,86
6/18/2023,19,3,2,2,2,3,3,2,2,12,7
10/28/2022,343,63,60,48,42,49,38,33,10,201,141
12/21/2020,1463,172,299,270,272,192,115,84,59,734,723
12/14/2020,1460,159,330,298,213,201,129,81,49,767,688
8/19/2022,600,69,109,127,73,78,84,35,25,362,237
9/25/2022,190,24,32,45,26,27,16,11,8,111,79
4/6/2020,583,5,77,97,103,110,94,56,41,303,280
7/7/2021,73,17,18,16,13,4,3,2,0,50,22
10/26/2022,466,78,67,78,68,76,55,24,20,276,189
4/17/2020,774,16,128,126,142,144,118,49,51,387,387
9/30/2022,317,51,49,32,54,56,38,25,12,183,133
9/19/2022,442,88,86,69,52,55,46,24,22,270,172
10/16/2021,178,32,39,26,31,18,19,11,2,85,93
4/27/2023,152,31,24,23,20,20,16,8,10,90,62
11/27/2020,1255,131,257,221,206,179,138,76,47,658,594
11/2/2022,531,101,105,87,74,72,46,19,27,317,214
4/2/2021,675,83,202,139,107,81,39,17,7,346,329
9/15/2020,352,54,100,67,47,42,26,13,3,189,163
6/15/2022,739,81,159,162,112,87,81,41,16,428,310
10/6/2022,360,74,50,55,42,41,53,25,20,201,159
2/6/2022,291,77,58,48,43,30,15,12,8,145,146
1/28/2022,747,166,146,142,88,71,67,49,18,380,366
6/3/2020,280,23,61,47,41,44,32,18,14,154,126
5/15/2021,177,38,38,33,19,27,12,6,4,92,85
11/5/2021,471,111,103,98,71,44,22,12,10,241,229
6/7/2021,102,20,20,11,19,14,10,6,2,53,49
6/25/2023,18,3,3,2,4,2,1,2,1,13,5
